node_type,vector_column,feature_index,feature_name,safe_primary_input,modeling_note
artist,features_with_popularity_context,0,artist_metadata_available,True,included in safe feature vector
artist,features_with_popularity_context,1,followers_missing,True,included in safe feature vector
artist,features_with_popularity_context,2,genres_missing,True,included in safe feature vector
artist,features_with_popularity_context,3,z_log_followers,True,included in safe feature vector
artist,features_with_popularity_context,4,genre_hash_00,True,included in safe feature vector
artist,features_with_popularity_context,5,genre_hash_01,True,included in safe feature vector
artist,features_with_popularity_context,6,genre_hash_02,True,included in safe feature vector
artist,features_with_popularity_context,7,genre_hash_03,True,included in safe feature vector
artist,features_with_popularity_context,8,genre_hash_04,True,included in safe feature vector
artist,features_with_popularity_context,9,genre_hash_05,True,included in safe feature vector
artist,features_with_popularity_context,10,genre_hash_06,True,included in safe feature vector
artist,features_with_popularity_context,11,genre_hash_07,True,included in safe feature vector
artist,features_with_popularity_context,12,genre_hash_08,True,included in safe feature vector
artist,features_with_popularity_context,13,genre_hash_09,True,included in safe feature vector
artist,features_with_popularity_context,14,genre_hash_10,True,included in safe feature vector
artist,features_with_popularity_context,15,genre_hash_11,True,included in safe feature vector
artist,features_with_popularity_context,16,genre_hash_12,True,included in safe feature vector
artist,features_with_popularity_context,17,genre_hash_13,True,included in safe feature vector
artist,features_with_popularity_context,18,genre_hash_14,True,included in safe feature vector
artist,features_with_popularity_context,19,genre_hash_15,True,included in safe feature vector
artist,features_with_popularity_context,20,genre_hash_16,True,included in safe feature vector
artist,features_with_popularity_context,21,genre_hash_17,True,included in safe feature vector
artist,features_with_popularity_context,22,genre_hash_18,True,included in safe feature vector
artist,features_with_popularity_context,23,genre_hash_19,True,included in safe feature vector
artist,features_with_popularity_context,24,genre_hash_20,True,included in safe feature vector
artist,features_with_popularity_context,25,genre_hash_21,True,included in safe feature vector
artist,features_with_popularity_context,26,genre_hash_22,True,included in safe feature vector
artist,features_with_popularity_context,27,genre_hash_23,True,included in safe feature vector
artist,features_with_popularity_context,28,genre_hash_24,True,included in safe feature vector
artist,features_with_popularity_context,29,genre_hash_25,True,included in safe feature vector
artist,features_with_popularity_context,30,genre_hash_26,True,included in safe feature vector
artist,features_with_popularity_context,31,genre_hash_27,True,included in safe feature vector
artist,features_with_popularity_context,32,genre_hash_28,True,included in safe feature vector
artist,features_with_popularity_context,33,genre_hash_29,True,included in safe feature vector
artist,features_with_popularity_context,34,genre_hash_30,True,included in safe feature vector
artist,features_with_popularity_context,35,genre_hash_31,True,included in safe feature vector
artist,features_with_popularity_context,36,genre_hash_32,True,included in safe feature vector
artist,features_with_popularity_context,37,genre_hash_33,True,included in safe feature vector
artist,features_with_popularity_context,38,genre_hash_34,True,included in safe feature vector
artist,features_with_popularity_context,39,genre_hash_35,True,included in safe feature vector
artist,features_with_popularity_context,40,genre_hash_36,True,included in safe feature vector
artist,features_with_popularity_context,41,genre_hash_37,True,included in safe feature vector
artist,features_with_popularity_context,42,genre_hash_38,True,included in safe feature vector
artist,features_with_popularity_context,43,genre_hash_39,True,included in safe feature vector
artist,features_with_popularity_context,44,genre_hash_40,True,included in safe feature vector
artist,features_with_popularity_context,45,genre_hash_41,True,included in safe feature vector
artist,features_with_popularity_context,46,genre_hash_42,True,included in safe feature vector
artist,features_with_popularity_context,47,genre_hash_43,True,included in safe feature vector
artist,features_with_popularity_context,48,genre_hash_44,True,included in safe feature vector
artist,features_with_popularity_context,49,genre_hash_45,True,included in safe feature vector
artist,features_with_popularity_context,50,genre_hash_46,True,included in safe feature vector
artist,features_with_popularity_context,51,genre_hash_47,True,included in safe feature vector
artist,features_with_popularity_context,52,genre_hash_48,True,included in safe feature vector
artist,features_with_popularity_context,53,genre_hash_49,True,included in safe feature vector
artist,features_with_popularity_context,54,genre_hash_50,True,included in safe feature vector
artist,features_with_popularity_context,55,genre_hash_51,True,included in safe feature vector
artist,features_with_popularity_context,56,genre_hash_52,True,included in safe feature vector
artist,features_with_popularity_context,57,genre_hash_53,True,included in safe feature vector
artist,features_with_popularity_context,58,genre_hash_54,True,included in safe feature vector
artist,features_with_popularity_context,59,genre_hash_55,True,included in safe feature vector
artist,features_with_popularity_context,60,genre_hash_56,True,included in safe feature vector
artist,features_with_popularity_context,61,genre_hash_57,True,included in safe feature vector
artist,features_with_popularity_context,62,genre_hash_58,True,included in safe feature vector
artist,features_with_popularity_context,63,genre_hash_59,True,included in safe feature vector
artist,features_with_popularity_context,64,genre_hash_60,True,included in safe feature vector
artist,features_with_popularity_context,65,genre_hash_61,True,included in safe feature vector
artist,features_with_popularity_context,66,genre_hash_62,True,included in safe feature vector
artist,features_with_popularity_context,67,genre_hash_63,True,included in safe feature vector
artist,features_with_popularity_context,68,z_artist_popularity_context,False,optional context; exclude from primary leakage-safe experiment
artist,features_with_popularity_context,69,popularity_context_missing,False,optional context; exclude from primary leakage-safe experiment
playlist,features_safe,0,title_was_missing,True,included in safe feature vector
playlist,features_safe,1,title_hash_00,True,included in safe feature vector
playlist,features_safe,2,title_hash_01,True,included in safe feature vector
playlist,features_safe,3,title_hash_02,True,included in safe feature vector
playlist,features_safe,4,title_hash_03,True,included in safe feature vector
playlist,features_safe,5,title_hash_04,True,included in safe feature vector
playlist,features_safe,6,title_hash_05,True,included in safe feature vector
playlist,features_safe,7,title_hash_06,True,included in safe feature vector
playlist,features_safe,8,title_hash_07,True,included in safe feature vector
playlist,features_safe,9,title_hash_08,True,included in safe feature vector
playlist,features_safe,10,title_hash_09,True,included in safe feature vector
playlist,features_safe,11,title_hash_10,True,included in safe feature vector
playlist,features_safe,12,title_hash_11,True,included in safe feature vector
playlist,features_safe,13,title_hash_12,True,included in safe feature vector
playlist,features_safe,14,title_hash_13,True,included in safe feature vector
playlist,features_safe,15,title_hash_14,True,included in safe feature vector
playlist,features_safe,16,title_hash_15,True,included in safe feature vector
playlist,features_safe,17,title_hash_16,True,included in safe feature vector
playlist,features_safe,18,title_hash_17,True,included in safe feature vector
playlist,features_safe,19,title_hash_18,True,included in safe feature vector
playlist,features_safe,20,title_hash_19,True,included in safe feature vector
playlist,features_safe,21,title_hash_20,True,included in safe feature vector
playlist,features_safe,22,title_hash_21,True,included in safe feature vector
playlist,features_safe,23,title_hash_22,True,included in safe feature vector
playlist,features_safe,24,title_hash_23,True,included in safe feature vector
playlist,features_safe,25,title_hash_24,True,included in safe feature vector
playlist,features_safe,26,title_hash_25,True,included in safe feature vector
playlist,features_safe,27,title_hash_26,True,included in safe feature vector
playlist,features_safe,28,title_hash_27,True,included in safe feature vector
playlist,features_safe,29,title_hash_28,True,included in safe feature vector
playlist,features_safe,30,title_hash_29,True,included in safe feature vector
playlist,features_safe,31,title_hash_30,True,included in safe feature vector
playlist,features_safe,32,title_hash_31,True,included in safe feature vector
playlist,features_safe,33,title_hash_32,True,included in safe feature vector
playlist,features_safe,34,title_hash_33,True,included in safe feature vector
playlist,features_safe,35,title_hash_34,True,included in safe feature vector
playlist,features_safe,36,title_hash_35,True,included in safe feature vector
playlist,features_safe,37,title_hash_36,True,included in safe feature vector
playlist,features_safe,38,title_hash_37,True,included in safe feature vector
playlist,features_safe,39,title_hash_38,True,included in safe feature vector
playlist,features_safe,40,title_hash_39,True,included in safe feature vector
playlist,features_safe,41,title_hash_40,True,included in safe feature vector
playlist,features_safe,42,title_hash_41,True,included in safe feature vector
playlist,features_safe,43,title_hash_42,True,included in safe feature vector
playlist,features_safe,44,title_hash_43,True,included in safe feature vector
playlist,features_safe,45,title_hash_44,True,included in safe feature vector
playlist,features_safe,46,title_hash_45,True,included in safe feature vector
playlist,features_safe,47,title_hash_46,True,included in safe feature vector
playlist,features_safe,48,title_hash_47,True,included in safe feature vector
playlist,features_safe,49,title_hash_48,True,included in safe feature vector
playlist,features_safe,50,title_hash_49,True,included in safe feature vector
playlist,features_safe,51,title_hash_50,True,included in safe feature vector
playlist,features_safe,52,title_hash_51,True,included in safe feature vector
playlist,features_safe,53,title_hash_52,True,included in safe feature vector
playlist,features_safe,54,title_hash_53,True,included in safe feature vector
playlist,features_safe,55,title_hash_54,True,included in safe feature vector
playlist,features_safe,56,title_hash_55,True,included in safe feature vector
playlist,features_safe,57,title_hash_56,True,included in safe feature vector
playlist,features_safe,58,title_hash_57,True,included in safe feature vector
playlist,features_safe,59,title_hash_58,True,included in safe feature vector
playlist,features_safe,60,title_hash_59,True,included in safe feature vector
playlist,features_safe,61,title_hash_60,True,included in safe feature vector
playlist,features_safe,62,title_hash_61,True,included in safe feature vector
playlist,features_safe,63,title_hash_62,True,included in safe feature vector
playlist,features_safe,64,title_hash_63,True,included in safe feature vector
track,features_with_popularity_context,0,z_log_duration_seconds,True,included in safe feature vector
track,features_with_popularity_context,1,audio_features_available,True,included in safe feature vector
track,features_with_popularity_context,2,z_catalog_danceability,True,included in safe feature vector
track,features_with_popularity_context,3,z_catalog_energy,True,included in safe feature vector
track,features_with_popularity_context,4,z_catalog_loudness,True,included in safe feature vector
track,features_with_popularity_context,5,z_catalog_speechiness,True,included in safe feature vector
track,features_with_popularity_context,6,z_catalog_acousticness,True,included in safe feature vector
track,features_with_popularity_context,7,z_catalog_instrumentalness,True,included in safe feature vector
track,features_with_popularity_context,8,z_catalog_liveness,True,included in safe feature vector
track,features_with_popularity_context,9,z_catalog_valence,True,included in safe feature vector
track,features_with_popularity_context,10,z_catalog_tempo,True,included in safe feature vector
track,features_with_popularity_context,11,z_catalog_release_year,True,safe with cohort caution; also supplied in a no-time vector
track,features_with_popularity_context,12,catalog_explicit,True,included in safe feature vector
track,features_with_popularity_context,13,catalog_mode,True,included in safe feature vector
track,features_with_popularity_context,14,catalog_tempo_was_missing,True,included in safe feature vector
track,features_with_popularity_context,15,key_0,True,included in safe feature vector
track,features_with_popularity_context,16,key_1,True,included in safe feature vector
track,features_with_popularity_context,17,key_2,True,included in safe feature vector
track,features_with_popularity_context,18,key_3,True,included in safe feature vector
track,features_with_popularity_context,19,key_4,True,included in safe feature vector
track,features_with_popularity_context,20,key_5,True,included in safe feature vector
track,features_with_popularity_context,21,key_6,True,included in safe feature vector
track,features_with_popularity_context,22,key_7,True,included in safe feature vector
track,features_with_popularity_context,23,key_8,True,included in safe feature vector
track,features_with_popularity_context,24,key_9,True,included in safe feature vector
track,features_with_popularity_context,25,key_10,True,included in safe feature vector
track,features_with_popularity_context,26,key_11,True,included in safe feature vector
track,features_with_popularity_context,27,time_signature_0,True,included in safe feature vector
track,features_with_popularity_context,28,time_signature_1,True,included in safe feature vector
track,features_with_popularity_context,29,time_signature_2,True,included in safe feature vector
track,features_with_popularity_context,30,time_signature_3,True,included in safe feature vector
track,features_with_popularity_context,31,time_signature_4,True,included in safe feature vector
track,features_with_popularity_context,32,time_signature_5,True,included in safe feature vector
track,features_with_popularity_context,33,title_hash_00,True,included in safe feature vector
track,features_with_popularity_context,34,title_hash_01,True,included in safe feature vector
track,features_with_popularity_context,35,title_hash_02,True,included in safe feature vector
track,features_with_popularity_context,36,title_hash_03,True,included in safe feature vector
track,features_with_popularity_context,37,title_hash_04,True,included in safe feature vector
track,features_with_popularity_context,38,title_hash_05,True,included in safe feature vector
track,features_with_popularity_context,39,title_hash_06,True,included in safe feature vector
track,features_with_popularity_context,40,title_hash_07,True,included in safe feature vector
track,features_with_popularity_context,41,title_hash_08,True,included in safe feature vector
track,features_with_popularity_context,42,title_hash_09,True,included in safe feature vector
track,features_with_popularity_context,43,title_hash_10,True,included in safe feature vector
track,features_with_popularity_context,44,title_hash_11,True,included in safe feature vector
track,features_with_popularity_context,45,title_hash_12,True,included in safe feature vector
track,features_with_popularity_context,46,title_hash_13,True,included in safe feature vector
track,features_with_popularity_context,47,title_hash_14,True,included in safe feature vector
track,features_with_popularity_context,48,title_hash_15,True,included in safe feature vector
track,features_with_popularity_context,49,title_hash_16,True,included in safe feature vector
track,features_with_popularity_context,50,title_hash_17,True,included in safe feature vector
track,features_with_popularity_context,51,title_hash_18,True,included in safe feature vector
track,features_with_popularity_context,52,title_hash_19,True,included in safe feature vector
track,features_with_popularity_context,53,title_hash_20,True,included in safe feature vector
track,features_with_popularity_context,54,title_hash_21,True,included in safe feature vector
track,features_with_popularity_context,55,title_hash_22,True,included in safe feature vector
track,features_with_popularity_context,56,title_hash_23,True,included in safe feature vector
track,features_with_popularity_context,57,title_hash_24,True,included in safe feature vector
track,features_with_popularity_context,58,title_hash_25,True,included in safe feature vector
track,features_with_popularity_context,59,title_hash_26,True,included in safe feature vector
track,features_with_popularity_context,60,title_hash_27,True,included in safe feature vector
track,features_with_popularity_context,61,title_hash_28,True,included in safe feature vector
track,features_with_popularity_context,62,title_hash_29,True,included in safe feature vector
track,features_with_popularity_context,63,title_hash_30,True,included in safe feature vector
track,features_with_popularity_context,64,title_hash_31,True,included in safe feature vector
track,features_with_popularity_context,65,z_spud_popularity_context,False,optional context; exclude from primary leakage-safe experiment
